id,x,y,yaw
0,3.099093841249786,4.038519999948167,-1.189340905712679
1,3.228054372699848,3.826278582442065,-0.809271831178894
2,3.4177197722422736,3.6644755128734716,-0.5716298088619338
3,3.6355238164152457,3.5422803893788024,-0.4355398739826728
4,3.8665452974394574,3.4470325681790857,-0.33921497870283834
5,4.10457357657948,3.3707869869620373,-0.2748628297862405
6,4.346645310869576,3.3084574254489234,-0.22465604719140897
7,4.591228885892214,3.256782173770993,-0.18433330326262426
8,4.837478724209397,3.213710999147977,-0.15676234580614085
9,5.08482444773496,3.1774343058175574,-0.13170780024044762
10,5.332934580397354,3.146794609102451,-0.10813562370836453
11,5.5816131330467424,3.121158135339157,-0.09250670670788155
12,5.830678600546248,3.0995992502767953,-0.07860979065535408
13,6.080026956235525,3.0815961688351967,-0.06544661843512517
14,6.329581623968544,3.066712528609061,-0.05273511567324892
15,6.579285705452015,3.054578646180978,-0.041662969846959164
16,6.829097363754951,3.044898718749369,-0.032397236092684654
17,7.078984379003099,3.037407134271649,-0.02497894362572689
18,7.328921132622375,3.0318137085063688,-0.0184112007948356
19,7.578889854917889,3.0278948324721093,-0.012642725152993813
20,7.828877382275704,3.0254396625143545,-0.006734349355385513
21,8.078874267281625,3.0242431183962606,-0.0014549166328635733
22,8.328874049238,3.024213666504668,0.0023254210641715416
23,8.578871637379237,3.0252554187858824,0.006669422762860789
24,8.82886249347615,3.0273666083167012,0.011162875710436424
25,9.078842231184513,3.0305340464626687,0.014942382719049069
26,9.328807597766573,3.034683555050876,0.018877145350857657
27,9.578755988046327,3.0397562584673885,0.022543505054858706
28,9.828685740478324,3.045677399606527,0.02535199431892972
29,10.078597535658007,3.0523143134783632,0.02796674458494278
30,10.328493072935485,3.059538925946561,0.03009066924703304
31,10.578375805776208,3.067194645015306,0.031406128007171866
32,10.82825082776375,3.0750985497389807,0.0318525559628761
33,11.078124608471551,3.0830416773850517,0.03144136594921968
34,11.328004141758601,3.0908012760805814,0.03011147671638862
35,11.577896274066884,3.0981427991981176,0.02781524604929037
36,11.8278068298947,3.104825911058494,0.024543031694040707
37,12.077739694384702,3.1106121426958877,0.020325170987323886
38,12.327696009593893,3.1152727169690224,0.015231093844095262
39,12.5776736023418,3.118596024803497,0.009365565033982896
40,12.827666732826309,3.1203942509704294,0.0028623883553672348
41,13.077666207943562,3.1205087202771673,-0.0041238003701991
42,13.327659850196717,3.1188136544267677,-0.011426822951180032
43,13.57763326272732,3.11521817941598,-0.018878425281008228
44,13.82757085765488,3.109669048085256,-0.026270211668264234
45,14.077460372253777,3.1022576778910453,-0.03378797626415075
46,14.327297969422206,3.0932578383045533,-0.03953694000557515
47,14.577085142884298,3.0829506862841987,-0.043544630157181845
48,14.826828478737214,3.0716289683640214,-0.04754093821542687
49,15.07653344874703,3.059488792760608,-0.05008181859964463
50,15.326209158342225,3.0467603159342294,-0.05202524559032553
51,15.575864052564603,3.0336292630850945,-0.05319298645541908
52,15.825507179902202,3.020276101085837,-0.05367936284164828
53,16.07514738620421,3.0068683688212148,-0.05350187149209604
54,16.324793176009848,2.9935651284680236,-0.05268334623261855
55,16.574452682697974,2.980522139900445,-0.05143334064949383
56,16.824132367402054,2.967871658391625,-0.04914897450927725
57,17.07384012723095,2.9557886914846283,-0.0470381404648862
58,17.323579358150514,2.9443755365719615,-0.043634928112830026
59,17.573355340971503,2.9337983412259314,-0.040026743693091324
60,17.82317048560842,2.9241918898011505,-0.036238676069295414
61,18.07302467356859,2.915661993485636,-0.03063592840515622
62,18.322919596981553,2.9084257957391113,-0.025996966505898524
63,18.572850241625076,2.9025561554797537,-0.01997960367246638
64,18.822812024706327,2.898214199292097,-0.012858271899381544
65,19.07279783491514,2.895608942926408,-0.006842662358833594
66,19.32279582591307,2.8948111642114465,0.0019892082581250727
67,19.572791782617507,2.8960664710411486,0.010193338933357813
68,19.822766926222275,2.8995158167620514,0.018828536771088745
69,20.072698984789643,2.9052943089184278,0.030255802464456028
70,20.322555096339226,2.9137352363347975,0.03918543694274936
71,20.57230523299743,2.9248739134638426,0.052486237585693735
72,20.8218990757952,2.939084427286945,0.06394189639804057
73,21.071290618323374,2.9564842358248824,0.07821268184237815
74,21.320411113096604,2.9774034011932757,0.0924591466689206
75,21.56918863372587,3.002066508228022,0.10861893865161894
76,21.817527453466262,3.0308060170116895,0.12514996523634286
77,22.065326506458465,3.0638768925899953,0.1447032468023129
78,22.312439199613788,3.1017295897789396,0.16249385949675677
79,22.55874278840104,3.144531303854366,0.18735763061574534
80,22.803997410381204,3.1929794812930794,0.2081947289834577
81,23.048029084655727,3.2472417403506575,0.23330247802049497
82,23.290582482849103,3.307771645406674,0.26379260028811014
83,23.531274898061195,3.375318565290931,0.291544530308289
84,23.76979022828587,3.4501777930377635,0.32164939347489013
85,24.00569349314028,3.532893226703037,0.3570094496335546
86,24.238466840220333,3.6240419774788495,0.39679926862687454
87,24.467504071530335,3.7242075463938846,0.43939336289832903
88,24.692098015211958,3.8339723620839705,0.48463208220476783
89,24.911429811746384,3.953901057738774,0.5319021910834049
90,25.124641511604455,4.084392685640851,0.5828841374487433
91,25.330752256114163,4.225828219960216,0.6374697422648061
92,25.52870614264304,4.378467152800739,0.6951949832212234
93,25.71736779757997,4.542446681987567,0.7542322670426572
94,25.89569406035117,4.717602895426423,0.8153019272460073
95,26.062675771485864,4.90360012480767,0.8779809465322996
96,26.217427582983632,5.099886754782936,0.9417745043470092
97,26.359244033983867,5.30571291682985,1.006135656822466
98,26.487645149432456,5.52016687927162,1.07049118641621
99,26.602404643464673,5.7422261837526545,1.1342707322320698
100,26.70337490872141,5.970890155052106,1.192954312753907
101,26.790871166031845,6.205040039469695,1.2448714765415876
102,26.865644093547406,6.443558030930206,1.2951644862644531
103,26.928270379693735,6.685557142645472,1.351252691330456
104,26.97864483583224,6.930403156663656,1.3952743763393054
105,27.017432283939623,7.177346229242439,1.442409295851242
106,27.044667924284074,7.425833123893375,1.4919830268056402
107,27.06010082837661,7.675328857666625,1.5333904564699496
108,27.064133747900236,7.925271332943156,1.5877395040387157
109,27.055899062911994,8.175108820485136,1.6272401170193733
110,27.035945976657427,8.424283274896323,1.685659145519722
111,27.003112448002774,8.672088086092687,1.7287818185365103
112,26.95782222371489,8.917916488205536,1.7890787203130196
113,26.89895597936666,9.160850557210765,1.839088308773325
114,26.826632773171085,9.400115311566166,1.9016777238525207
115,26.740011913562842,9.634582707842032,1.9612119770502194
116,26.638898242233743,9.863162753472553,2.0253167150757423
117,26.52301007703102,10.084620379593298,2.0968805453393964
118,26.391882357242128,10.297396305761417,2.1609433210192592
119,26.24608278027082,10.50040363456745,2.245177621101931
120,26.08507509907279,10.69156465083195,2.30797474359388
121,25.910354268259297,10.87027918855649,2.400538856414856
122,25.722016645530587,11.034593476402236,2.4587096950751417
123,25.52338880987871,11.18633117136782,2.530242180191592
124,25.316251989406666,11.326255588635506,2.574168174363562
125,25.10293235163555,11.45657605729747,2.6175828316673937
126,24.88478652735784,11.57866218959122,2.6523295303185335
127,24.66296920405362,11.693956123666966,2.6748431579711993
128,24.43856903288192,11.804147106578688,2.697830514661079
129,24.212289820521868,11.91043284333913,2.7091509319840266
130,23.984963560583573,12.014463956800775,2.71549641250994
131,23.75731166246722,12.117781884062898,2.714275234425187
132,23.53015702008634,12.22218634648725,2.7025289092087816
133,23.30462554514438,12.330042559608618,2.6819292676510544
134,23.0822448398434,12.444226780050592,2.644587024585298
135,22.86565899513218,12.568994223499926,2.578360688321906
136,22.659769073229437,12.710599675021886,2.4620462555526292
137,22.476112654995095,12.879701029146961,2.268513143445001
138,22.340251067366047,13.08817857268572,1.933062797534194
139,22.29275075694182,13.331773458577391,1.5291477230486716
140,22.331539645451276,13.577893891459418,1.2623471583963801
141,22.42316836322,13.810193284776227,1.1060078254415422
142,22.543940419649203,14.028955989482855,1.0111571833427269
143,22.682108865687397,14.237249902630106,0.9499576594897327
144,22.831081347669866,14.437991395697935,0.9063571944579346
145,22.98725939058443,14.633193623099539,0.8801826866565976
146,23.148057337963113,14.824613412487391,0.8621357385834851
147,23.311812843739332,15.013513484952917,0.8498047225409487
148,23.477299733429504,15.200900381541112,0.844462225948179
149,23.643449761057955,15.387700163079272,0.8438687578013631
150,23.809367674094464,15.574705963321794,0.8483669899276237
151,23.97414779922516,15.762714136917443,0.8556471189998701
152,24.136980599465033,15.952409856306318,0.870673462518412
153,24.296812093818705,16.144638360584423,0.8889142947042891
154,24.45255575336288,16.340189561788552,0.9125310097752537
155,24.602910772849913,16.539907432976253,0.9471099184416327
156,24.745957261779782,16.74491526210222,0.9860139101978846
157,24.87952997763341,16.956198771216066,1.0379836940035851
158,25.00060139447282,17.174870063306205,1.1133024261886497
159,25.104366679366827,17.402235234335773,1.2034045635322959
160,25.18485702263491,17.638781109007045,1.3224311969385218
161,25.23360381053512,17.883744435824415,1.4733928981767064
162,25.241413340341442,18.13328201764609,1.6351828026321564
163,25.206518402159954,18.380489701658764,1.8123985200694177
164,25.132275721402625,18.618940856615634,1.9714794732446816
165,25.02403672436677,18.844090493408206,2.0945064066982813
166,24.889305989756597,19.05450804568448,2.2021821837845392
167,24.73387148788341,19.250183708643103,2.2958315722822866
168,24.56238533258645,19.432008091582052,2.3771915454880967
169,24.378069743739392,19.600841741292115,2.438030773852238
170,24.183841408620488,19.75817709702156,2.490548061242775
171,23.98168146913098,19.905205469401015,2.5454703792353155
172,23.772742466932133,20.042439198788536,2.5827900498238576
173,23.55844312091565,20.171149483687902,2.6249089078670336
174,23.339466804555855,20.291737805231,2.6601079551336477
175,23.116496154161755,20.4047747759378,2.68794359017234
176,22.89015240182814,20.51090008859377,2.7218728972327813
177,22.660789187132696,20.61033738427099,2.751948662470034
178,22.428702129006986,20.7032417956414,2.7758578402166685
179,22.19426538747504,20.790044851422888,2.7994494247899686
180,21.95770388680168,20.870880732983974,2.8279393764539464
181,21.719198661007578,20.945792718561766,2.855185063361634
182,21.478860828696995,21.014598679819134,2.87727144319146
183,21.23691141066915,21.077497846228216,2.8993895115188697
184,20.993480121197216,21.134392468199,2.9276351398510156
185,20.748675301913956,21.18505474182264,2.955574135476354
186,20.502602272063623,21.229144215078925,2.9784533713542727
187,20.255461036291265,21.266780090917795,3.006126240529142
188,20.0073951342822,21.297744415606928,3.036657033890516
189,19.75854608707507,21.321608095500512,3.0603366796609244
190,19.509134111242176,21.338595728362545,3.0919748177896698
191,19.259332822621648,21.34828790311921,3.1205109501592374
192,19.00935474412857,21.350629127442115,-3.1343316931272422
193,18.75941697065879,21.345586782420472,-3.101149084792253
194,18.50975737407312,21.332762672386405,-3.074397244610543
195,18.260597866169093,21.31242247316834,-3.038343467668909
196,18.012230145234014,21.28400296671588,-3.0116255564157783
197,17.764862098861524,21.247907532051908,-2.9743510626281697
198,17.518837218852582,21.203571803061315,-2.946301790705097
199,17.27435682106318,21.1513935837419,-2.9092896208500645
200,17.031787154080114,21.090949407955453,-2.8787811466131896
201,16.791352092966914,21.0225126174182,-2.84330152198363
202,16.553390330481403,20.94591328809528,-2.8094888095026502
203,16.31819253194384,20.86121201186442,-2.77655314644719
204,16.08600615032953,20.768569254122983,-2.738915690114573
205,15.857239643367299,20.667779829077194,-2.709233042772275
206,15.6320053653999,20.559324654673564,-2.668652250987212
207,15.410807413040525,20.442857205877896,-2.6382792516640157
208,15.193706045632355,20.31892490394042,-2.600855612985527
209,14.981094846441868,20.187435454248767,-2.5670402546506716
210,14.77316587875147,20.048663409686586,-2.5330556916819735
211,14.570119930594585,19.90283671902472,-2.496601002776363
212,14.372271573953828,19.7500339457484,-2.4658575976412718
213,14.179317731306892,19.591088254925374,-2.433765396180762
214,13.990742108970492,19.426966695048375,-2.4138245330623374
215,13.805520167857615,19.25906518358729,-2.3936679894163015
216,13.62297414804607,19.088255183309673,-2.3836768586893924
217,13.442074454365901,18.915700925962486,-2.3757885319543135
218,13.261969745419757,18.742316149058528,-2.3750173604774085
219,13.081635088196952,18.56917087128381,-2.380006115698912
220,12.90001912899589,18.39737156797027,-2.392156490601339
221,12.715902777889275,18.228258894452853,-2.4094685621015097
222,12.528051563379266,18.063313102671962,-2.4372577310218393
223,12.335007041747387,17.904488732148398,-2.477915462943027
224,12.135134345877997,17.75436811823194,-2.531323577101363
225,11.926712602623518,17.616403866776853,-2.599328013935009
226,11.708181289349092,17.495173156488896,-2.6870466133863427
227,11.478638221400347,17.39651304909194,-2.809384524905478
228,11.238513784606116,17.327756550147036,-2.950265871330871
229,10.990792893997467,17.296363214001452,-3.113596165031308
230,10.741305265714201,17.30613910783228,2.9935948187152395
231,10.496889172253569,17.357422194434537,2.85415849475616
232,10.261354455473871,17.440749946074114,2.743939875082889
233,10.035001692959613,17.54668051127549,2.659294123598937
234,9.816666074536782,17.668373025189283,2.595464757852332
235,9.605072336149433,17.801480480682052,2.5567939727968065
236,9.398557892116255,17.942353057286695,2.524896997952099
237,9.19594809456366,18.08879829296899,2.5038784725249426
238,8.996058971590541,18.23894131064237,2.488693448266691
239,8.797934010416386,18.39140806900033,2.482182512990285
240,8.600586853529071,18.544881370366856,2.4801211010963073
241,8.403156913408102,18.69824804267379,2.4840039428192178
242,8.204773514413786,18.850377851930503,2.4925034431384874
243,8.004626490462114,19.000177409416843,2.5109867515798046
244,7.80167164554059,19.14614451140851,2.5307783582448473
245,7.595116000291855,19.28696150716995,2.563180919670941
246,7.383818993438438,19.42054143718737,2.6015386217811
247,7.166828642010406,19.54464029733669,2.6580824907828675
248,6.942875534592398,19.655628015000932,2.71898299522924
249,6.71129769972925,19.74956327641495,2.8065891957103783
250,6.471796357119008,19.8207658780384,2.9174612110381486
251,6.225880438268453,19.864909520398015,3.031912869436596
252,5.976508775286709,19.88010667391133,-3.136538082817259
253,5.727092389805337,19.86575007977935,-3.018554894071919
254,5.481028986705192,19.82248857038827,-2.9006205108821304
255,5.241312782844392,19.752023646429855,-2.789254639919717
256,5.010299035633807,19.656758712360144,-2.6862188259596382
257,4.789643723122826,19.53942544277284,-2.5921529583620186
258,4.580402501650054,19.402739442909304,-2.507829063724876
259,4.3830297369366145,19.24939297922113,-2.429724837862164
260,4.197794250701148,19.08157502107026,-2.359527022764068
261,4.024654901073049,18.90130088957659,-2.295483840689685
262,3.8634739842050667,18.71025898400319,-2.236515547033854
263,3.714072801976608,18.509867482833517,-2.18080053826227
264,3.5762756917411624,18.301318314354443,-2.1201296242401813
265,3.450106736989528,18.08552652783206,-2.0651292743336214
266,3.3356336970958465,17.863310773476744,-2.018414606690929
267,3.23255583669404,17.63558707949693,-1.96580697446538
268,3.1410463738598917,17.40296681213232,-1.9119656363681101
269,3.061560463159655,17.165970779244187,-1.8678133523295741
270,2.9938592943045803,16.92534619525355,-1.8138017846156078
271,2.9385024892407507,16.68158191912543,-1.7613463559770919
272,2.895947743536538,16.43526534073809,-1.7154792745987673
273,2.8662537322529116,16.18707055622556,-1.6542295696964802
274,2.850401351520036,15.937608098291584,-1.6004517184425262
275,2.84870814446435,15.687657538509592,-1.546623407779649
276,2.8615439025636182,15.438029751539393,-1.4781471377775437
277,2.8901144082126997,15.189711598794153,-1.4183821853691412
278,2.93460033035063,14.94375969007338,-1.3564550792861234
279,2.9953878575502118,14.701320794641756,-1.2785893271249626
280,3.073456452164732,14.463882510777735,-1.2090520154583235
281,3.1687267019259173,14.232825545639809,-1.140766192068154
282,3.280983385873776,14.009525383871367,-1.0536943070698264
283,3.410559504974936,13.795806275862855,-0.9791731428570561
284,3.556472932994603,13.592906623103831,-0.9031436194423187
285,3.717744981825998,13.401972117068338,-0.8168005736596029
286,3.8937321638977265,13.224513080255674,-0.7494060690395938
287,4.082236641125225,13.060392517142754,-0.6722828992414711
288,4.280999862262476,12.908823958467657,-0.6193153452691895
289,4.4872151491206855,12.7675369185275,-0.5781650324790653
290,4.698877979280601,12.634529518918136,-0.5380431403315409
291,4.914708963413062,12.508383945067894,-0.5132583462230684
292,5.133424660478677,12.387301527662983,-0.49627620104370035
293,5.354061194693888,12.26974998861179,-0.4827643904558364
294,5.575822313345761,12.154330144868071,-0.4767576929607412
295,5.797921346933609,12.03956078894495,-0.4780741595534714
296,6.019521960386034,11.923833782902705,-0.4871823770119384
297,6.2396698819086405,11.805372487500888,-0.5064022204652244
298,6.457056227705278,11.681928813131494,-0.5339792356412567
299,6.669943880245184,11.550908122692531,-0.5791600165418765
300,6.875564731853609,11.408793559980666,-0.6522684269306122
301,7.0689511049743246,11.250513812889114,-0.7558768503325449
302,7.241186456831561,11.069663593314411,-0.899535470976645
303,7.3771147584232795,10.860518462504611,-1.1485876294338633
304,7.455036194164864,10.62385155363754,-1.411169035728419
305,7.470466641493099,10.374993551280024,-1.638066512715716
306,7.4337828120272045,10.128073199944543,-1.81854824184753
307,7.359914097465766,9.889437608459009,-1.9478443313567078
308,7.259861730072391,9.660437685359781,-2.0374930102256634
309,7.141471503724318,9.440315151050948,-2.100457161646691
310,7.009997011241587,9.22772170229456,-2.155869359764467
311,6.868535200519015,9.021619354665603,-2.1946944086176936
312,6.719633746175102,8.820816856908023,-2.230402066230118
313,6.564684925930551,8.62463650564439,-2.252933090196777
314,6.405173219167109,8.43214537897024,-2.2733451346354125
315,6.241984219165292,8.242758709889197,-2.2923335384357775
316,6.0758389959501145,8.055957655253197,-2.3072322934841485
317,5.90730671536389,7.8713059819774465,-2.3179507174288263
318,5.736931056342969,7.688353192303539,-2.3259574014238096
319,5.565168078967986,7.506701826530193,-2.331988032553447
320,5.392409210371306,7.3259969827645435,-2.3361287935288764
321,5.219019664542154,7.1458969511175106,-2.338428626302492
322,5.045352561900814,6.966064432955409,-2.3389006657463183
323,4.87176243595523,6.786157646274202,-2.3375221254362764
324,4.698619159999032,6.605820974081804,-2.333797072235318
325,4.526323408941448,6.424674763751271,-2.3271213805991393
326,4.355324993163266,6.24230383428082,-2.31709923775767
327,4.186248374002486,6.05815093974625,-2.3057594378261643
328,4.0197131474588055,5.871698884364316,-2.2918564172897073
329,3.8565205015140602,5.68231671617553,-2.2668070933378615
330,3.69806487470313,5.4889594634874115,-2.241935730567263
331,3.5457322393836197,5.290749730655703,-2.1982896303411184
332,3.402428684350614,5.085931434151815,-2.1458471097664384
333,3.2720271064156807,4.87270397217838,-2.066843286354123
334,3.1620878263443633,4.648339923044235,-1.956048240655723
335,3.0861220493264105,4.410572800296365,-1.7558400303111779
336,3.071711382206403,4.16213325362235,-1.4142094399843
